123,John,Doe,12345678,1990-01-15,7574
123,John,Doe,12345678,1990-01-15,7574
123,John,Doe,12345678,1990-01-15,7574
123,John,Doe,12345678,1990-01-15,7574
123,John,Doe,12345678,1990-01-15,7574
123,John,Doe,12345678,1990-01-15,7574
123,John,Doe,12345678,1990-01-15,7574
123,John,Doe,12345678,1990-01-15,7574
1,santiago,sev,42951041,2000-10-08,42069
1,santiago,sev,42951041,2000-10-08,42069
1,santiago,sev,42951041,2000-10-08,42069
1,santiago,sev,42951041,2000-10-08,42069
1,santiago,sev,42951041,2000-10-08,42069
1,santiago,sev,42951041,2000-10-08,42069
1,santiago,sev,42951041,2000-10-08,42069
1,santiago,sev,42951041,2000-10-08,42069
1,santiago,sev,42951041,2000-10-08,42069
1,santiago,sev,42951041,2000-10-08,42069
1,santiago,sev,42951041,2000-10-08,42069
1,santiago,sev,42951041,2000-10-08,42069
1,santiago,sev,42951041,2000-10-08,42069
1,santiago,sev,42951041,2000-10-08,42069
1,santiago,sev,42951041,2000-10-08,42069
1,santiago,sev,42951041,2000-10-08,42069
1,santiago,sev,42951041,2000-10-08,42069
1,santiago,sev,42951041,2000-10-08,42069
1,santiago,sev,42951041,2000-10-08,42069
1,santiago,sev,42951041,2000-10-08,42069
1,santiago,sev,42951041,2000-10-08,42069
1,santiago,sev,42951041,2000-10-08,42069
1,santiago,sev,42951041,2000-10-08,42069
1,santiago,sev,42951041,2000-10-08,42069
1,santiago,sev,42951041,2000-10-08,42069
1,santiago,sev,42951041,2000-10-08,42069
1,santiago,sev,42951041,2000-10-08,42069
1,santiago,sev,42951041,2000-10-08,42069
1,santiago,sev,42951041,2000-10-08,42069
1,santiago,sev,42951041,2000-10-08,42069
1,santiago,sev,42951041,2000-10-08,42069
1,santiago,sev,42951041,2000-10-08,42069
1,santiago,sev,42951041,2000-10-08,42069
1,santiago,sev,42951041,2000-10-08,42069
1,santiago,sev,42951041,2000-10-08,42069
1,santiago,sev,42951041,2000-10-08,42069
1,santiago,sev,42951041,2000-10-08,42069
1,santiago,sev,42951041,2000-10-08,42069
1,santiago,sev,42951041,2000-10-08,42069
1,santiago,sev,42951041,2000-10-08,42069
1,santiago,sev,42951041,2000-10-08,42069
1,santiago,sev,42951041,2000-10-08,42069
1,santiago,sev,42951041,2000-10-08,42069
1,santiago,sev,42951041,2000-10-08,42069
1,santiago,sev,42951041,2000-10-08,42069
1,santiago,sev,42951041,2000-10-08,42069
1,santiago,sev,42951041,2000-10-08,42069
1,santiago,sev,42951041,2000-10-08,42069
1,santiago,sev,42951041,2000-10-08,42069
1,santiago,sev,42951041,2000-10-08,42069
1,santiago,sev,42951041,2000-10-08,42069
1,santiago,sev,42951041,2000-10-08,42069
1,santiago,sev,42951041,2000-10-08,42069
1,santiago,sev,42951041,2000-10-08,42069
1,santiago,sev,42951041,2000-10-08,42069
1,santiago,sev,42951041,2000-10-08,42069
1,santiago,sev,42951041,2000-10-08,42069
1,santiago,sev,42951041,2000-10-08,42069
1,santiago,sev,42951041,2000-10-08,42069
1,santiago,sev,42951041,2000-10-08,42069
1,santiago,sev,42951041,2000-10-08,42069
1,santiago,sev,42951041,2000-10-08,42069
1,santiago,sev,42951041,2000-10-08,42069
1,santiago,sev,42951041,2000-10-08,42069
1,santiago,sev,42951041,2000-10-08,42069
1,santiago,sev,42951041,2000-10-08,42069
